28000,local,141565
28000,remote,276851
28000,remoteConcurrentToRename,236150
28000,local,134728
28000,remote,270681
28000,remoteConcurrentToRename,222480
28000,local,144342
28000,remote,320270
28000,remoteConcurrentToRename,239975
28000,local,154354
28000,remote,326991
28000,remoteConcurrentToRename,243096
28000,local,152314
28000,remote,303597
28000,remoteConcurrentToRename,245555
28000,local,143441
28000,remote,330347
28000,remoteConcurrentToRename,253155
28000,local,155014
28000,remote,335434
28000,remoteConcurrentToRename,269380
28000,local,158788
28000,remote,313056
28000,remoteConcurrentToRename,234953
28000,local,151314
28000,remote,272077
28000,remoteConcurrentToRename,250770
28000,local,148658
28000,remote,396324
28000,remoteConcurrentToRename,275380
28000,local,131654
28000,remote,301536
28000,remoteConcurrentToRename,243334
28000,local,155258
28000,remote,280433
28000,remoteConcurrentToRename,237304
28000,local,166022
28000,remote,451344
28000,remoteConcurrentToRename,271270
28000,local,157343
28000,remote,350483
28000,remoteConcurrentToRename,243744
28000,local,149574
28000,remote,394979
28000,remoteConcurrentToRename,260781
28000,local,145830
28000,remote,265763
28000,remoteConcurrentToRename,215689
28000,local,151000
28000,remote,357135
28000,remoteConcurrentToRename,259920
28000,local,150617
28000,remote,233097
28000,remoteConcurrentToRename,244951
28000,local,151541
28000,remote,317549
28000,remoteConcurrentToRename,242994
28000,local,176517
28000,remote,412434
28000,remoteConcurrentToRename,262139
28000,local,147306
28000,remote,257938
28000,remoteConcurrentToRename,248451
28000,local,416096
28000,remote,339002
28000,remoteConcurrentToRename,238220
28000,local,161825
28000,remote,349652
28000,remoteConcurrentToRename,253475
28000,local,153009
28000,remote,261649
28000,remoteConcurrentToRename,275358
28000,local,158366
28000,remote,472941
28000,remoteConcurrentToRename,271627
28000,local,142956
28000,remote,341285
28000,remoteConcurrentToRename,265625
28000,local,150222
28000,remote,323348
28000,remoteConcurrentToRename,233755
28000,local,147782
28000,remote,271531
28000,remoteConcurrentToRename,257911
28000,local,143773
28000,remote,329722
28000,remoteConcurrentToRename,237414
28000,local,162826
28000,remote,341793
28000,remoteConcurrentToRename,267905
28000,local,173454
28000,remote,334083
28000,remoteConcurrentToRename,222655
28000,local,411782
28000,remote,311593
28000,remoteConcurrentToRename,194720
28000,local,143869
28000,remote,355726
28000,remoteConcurrentToRename,263110
28000,local,146178
28000,remote,379831
28000,remoteConcurrentToRename,253872
28000,local,144390
28000,remote,361124
28000,remoteConcurrentToRename,238362
28000,local,168981
28000,remote,360977
28000,remoteConcurrentToRename,242017
28000,local,167330
28000,remote,291505
28000,remoteConcurrentToRename,263742
28000,local,168037
28000,remote,381922
28000,remoteConcurrentToRename,248180
28000,local,156970
28000,remote,306693
28000,remoteConcurrentToRename,201257
28000,local,171899
28000,remote,364259
28000,remoteConcurrentToRename,244812
28000,local,181683
28000,remote,304690
28000,remoteConcurrentToRename,233448
28000,local,141159
28000,remote,296552
28000,remoteConcurrentToRename,247113
28000,local,157482
28000,remote,297309
28000,remoteConcurrentToRename,224001
28000,local,171430
28000,remote,301029
28000,remoteConcurrentToRename,243673
28000,local,171738
28000,remote,369075
28000,remoteConcurrentToRename,197501
28000,local,182851
28000,remote,455250
28000,remoteConcurrentToRename,276166
28000,local,180784
28000,remote,382225
28000,remoteConcurrentToRename,275400
28000,local,153083
28000,remote,365043
28000,remoteConcurrentToRename,230925
28000,local,164898
28000,remote,345542
28000,remoteConcurrentToRename,282571
28000,local,144313
28000,remote,277275
28000,remoteConcurrentToRename,229961
28000,local,136087
28000,remote,268883
28000,remoteConcurrentToRename,241094
28000,local,149588
28000,remote,272857
28000,remoteConcurrentToRename,228446
28000,local,159305
28000,remote,347977
28000,remoteConcurrentToRename,263881
28000,local,161168
28000,remote,300475
28000,remoteConcurrentToRename,221414
28000,local,157222
28000,remote,345533
28000,remoteConcurrentToRename,250739
28000,local,163932
28000,remote,353627
28000,remoteConcurrentToRename,248088
28000,local,142979
28000,remote,308026
28000,remoteConcurrentToRename,238566
28000,local,166163
28000,remote,363417
28000,remoteConcurrentToRename,250423
28000,local,156313
28000,remote,286698
28000,remoteConcurrentToRename,242733
28000,local,154486
28000,remote,326725
28000,remoteConcurrentToRename,263395
28000,local,139966
28000,remote,324986
28000,remoteConcurrentToRename,267332
28000,local,163868
28000,remote,327548
28000,remoteConcurrentToRename,252589
28000,local,455231
28000,remote,372766
28000,remoteConcurrentToRename,264829
28000,local,139300
28000,remote,355104
28000,remoteConcurrentToRename,268671
28000,local,173592
28000,remote,365815
28000,remoteConcurrentToRename,272981
28000,local,145748
28000,remote,281371
28000,remoteConcurrentToRename,225978
28000,local,150969
28000,remote,307967
28000,remoteConcurrentToRename,251423
28000,local,167045
28000,remote,397602
28000,remoteConcurrentToRename,277355
28000,local,147373
28000,remote,293958
28000,remoteConcurrentToRename,241589
28000,local,153869
28000,remote,359263
28000,remoteConcurrentToRename,252471
28000,local,165827
28000,remote,255297
28000,remoteConcurrentToRename,282601
28000,local,156905
28000,remote,350192
28000,remoteConcurrentToRename,230250
28000,local,186521
28000,remote,390496
28000,remoteConcurrentToRename,233336
28000,local,139544
28000,remote,312450
28000,remoteConcurrentToRename,245156
28000,local,150129
28000,remote,340239
28000,remoteConcurrentToRename,238063
28000,local,158554
28000,remote,339936
28000,remoteConcurrentToRename,245397
28000,local,149443
28000,remote,315878
28000,remoteConcurrentToRename,209898
28000,local,147101
28000,remote,310545
28000,remoteConcurrentToRename,223096
28000,local,145290
28000,remote,287834
28000,remoteConcurrentToRename,223157
28000,local,161919
28000,remote,325501
28000,remoteConcurrentToRename,236631
28000,local,166087
28000,remote,303998
28000,remoteConcurrentToRename,246427
28000,local,158165
28000,remote,331047
28000,remoteConcurrentToRename,263575
28000,local,173264
28000,remote,436771
28000,remoteConcurrentToRename,279691
28000,local,159035
28000,remote,313179
28000,remoteConcurrentToRename,228449
28000,local,157632
28000,remote,330638
28000,remoteConcurrentToRename,276571
28000,local,180585
28000,remote,389779
28000,remoteConcurrentToRename,270648
28000,local,153827
28000,remote,311924
28000,remoteConcurrentToRename,252577
28000,local,160520
28000,remote,357598
28000,remoteConcurrentToRename,268609
28000,local,153662
28000,remote,319745
28000,remoteConcurrentToRename,235536
28000,local,140752
28000,remote,332408
28000,remoteConcurrentToRename,261957
28000,local,155942
28000,remote,368673
28000,remoteConcurrentToRename,270218
28000,local,146112
28000,remote,369459
28000,remoteConcurrentToRename,249390
28000,local,149121
28000,remote,320521
28000,remoteConcurrentToRename,231995
28000,local,145460
28000,remote,348743
28000,remoteConcurrentToRename,246083
28000,local,157039
28000,remote,357516
28000,remoteConcurrentToRename,268632
28000,local,149217
28000,remote,325061
28000,remoteConcurrentToRename,238398
28000,local,159670
28000,remote,375044
28000,remoteConcurrentToRename,250645
28000,local,158478
28000,remote,367024
28000,remoteConcurrentToRename,263559
28000,local,152463
28000,remote,312530
28000,remoteConcurrentToRename,265638
28000,local,151267
28000,remote,333688
28000,remoteConcurrentToRename,233219
28000,local,139561
28000,remote,317019
28000,remoteConcurrentToRename,252074
28000,local,145828
28000,remote,317023
28000,remoteConcurrentToRename,253810
28000,local,159885
28000,remote,429499
28000,remoteConcurrentToRename,278986
28000,local,165305
28000,remote,362129
28000,remoteConcurrentToRename,228112
28000,local,1150408
28000,remote,431642
28000,remoteConcurrentToRename,249372
28000,local,163961
28000,remote,425160
28000,remoteConcurrentToRename,302112
28000,local,157656
28000,remote,440571
28000,remoteConcurrentToRename,302020
28000,local,154301
28000,remote,401326
28000,remoteConcurrentToRename,276392
28000,local,171706
28000,remote,312649
28000,remoteConcurrentToRename,270792
28000,local,171261
28000,remote,449153
28000,remoteConcurrentToRename,276048
28000,local,156800
28000,remote,327839
28000,remoteConcurrentToRename,237174
28000,local,154112
28000,remote,316074
28000,remoteConcurrentToRename,248122
28000,local,135623
28000,remote,265985
28000,remoteConcurrentToRename,244134
28000,local,173762
28000,remote,364058
28000,remoteConcurrentToRename,203829
28000,local,165129
28000,remote,403705
28000,remoteConcurrentToRename,269687
28000,local,160345
28000,remote,322680
28000,remoteConcurrentToRename,206839
28000,local,150930
28000,remote,318096
28000,remoteConcurrentToRename,233082
28000,local,150064
28000,remote,310500
28000,remoteConcurrentToRename,231382
28000,local,145606
28000,remote,374231
28000,remoteConcurrentToRename,278516
28000,local,178178
28000,remote,370111
28000,remoteConcurrentToRename,297335
